,0,1
0,-82.037015,33.553762
1,-82.036576,33.55325
2,-82.036242,33.552859
3,-82.033555,33.54822
4,-82.031563,33.545858
5,-82.03153,33.545819
6,-82.031024,33.544363
7,-82.028238,33.544933
8,-82.026858,33.541066
9,-82.024083,33.538572
10,-82.021525,33.535725
11,-82.019985,33.534903
12,-82.018837,33.534639
13,-82.017627,33.534361
14,-82.01583,33.533745
15,-82.012542,33.532151
16,-82.012402,33.531643
17,-82.012065,33.53139
18,-82.012059,33.531385
19,-82.011249,33.530776
20,-82.009865,33.529736
21,-82.009237,33.527251
22,-82.008964,33.526708
23,-82.008945,33.52667
24,-82.00855,33.525486
25,-82.008545,33.525253
26,-82.008526,33.524376
27,-82.007726,33.523485
28,-82.007548,33.523288
29,-82.00712,33.52281
30,-82.006496,33.522734
31,-82.005468,33.522608
32,-82.003606,33.521873
33,-82.002644,33.521248
34,-82.001895,33.520414
35,-82.001494,33.519966
36,-82.001011,33.518387
37,-82.00102,33.518251
38,-82.000422,33.515961
39,-81.999838,33.514834
40,-81.998177,33.511956
41,-81.996272,33.508048
42,-81.995249,33.506909
43,-81.993304,33.505783
44,-81.991688,33.503684
45,-81.990604,33.50086
46,-81.990414,33.50014
47,-81.990412,33.500051
48,-81.990372,33.4982
49,-81.990508,33.498007
50,-81.990784,33.497617
51,-81.990581,33.497437
52,-81.973979,33.482723
53,-81.973852,33.482611
54,-81.973647,33.482558
55,-81.973641,33.482557
56,-81.971396,33.481977
57,-81.969163,33.481401
58,-81.965396,33.480178
59,-81.959152,33.477597
60,-81.959146,33.477594
61,-81.958329,33.477257
62,-81.957975,33.47711
63,-81.957953,33.477116
64,-81.957653,33.477197
65,-81.957346,33.476855
66,-81.95727,33.47677
67,-81.955882,33.476018
68,-81.955285,33.475695
69,-81.95528,33.475692
70,-81.948189,33.47185
71,-81.942841,33.470051
72,-81.93558,33.468649
73,-81.932437,33.467375
74,-81.928918,33.464786
75,-81.926748,33.462364
76,-81.924669,33.459446
77,-81.923505,33.457401
78,-81.922829,33.45605
79,-81.921821,33.453137
80,-81.920214,33.45015
81,-81.918308,33.447126
82,-81.91457,33.442355
83,-81.913452,33.440062
84,-81.91339,33.439673
85,-81.913389,33.439666
86,-81.913309,33.439157
87,-81.913769,33.436607
88,-81.913801,33.43643
89,-81.913931,33.436186
90,-81.914497,33.435121
91,-81.915501,33.433984
92,-81.915503,33.433982
93,-81.916188,33.433206
94,-81.916616,33.432721
95,-81.91765,33.432088
96,-81.920467,33.430915
97,-81.923322,33.43038
98,-81.924072,33.430473
99,-81.927737,33.430092
100,-81.929928,33.429864
101,-81.931243,33.428949
102,-81.932044,33.427907
103,-81.932379,33.426047
104,-81.932372,33.426023
105,-81.932134,33.425191
106,-81.932003,33.424733
107,-81.930345,33.422881
108,-81.926206,33.420342
109,-81.924893,33.419307
110,-81.923645,33.418699
111,-81.922445,33.418155
112,-81.921068,33.417419
113,-81.916364,33.416123
114,-81.91358,33.415995
115,-81.912028,33.415595
116,-81.910764,33.415035
117,-81.909884,33.414027
118,-81.909628,33.412603
119,-81.909788,33.411387
120,-81.91038,33.410411
121,-81.911436,33.409499
122,-81.912572,33.408811
123,-81.914284,33.408411
124,-81.916476,33.408235
125,-81.918364,33.408715
126,-81.919837,33.409643
127,-81.921421,33.410475
128,-81.923261,33.412107
129,-81.924173,33.412555
130,-81.92654,33.409989
131,-81.928075,33.408277
132,-81.930164,33.406887
133,-81.932696,33.406439
134,-81.936742,33.406938
135,-81.939802,33.408356
136,-81.940843,33.408838
137,-81.941116,33.408872
138,-81.942625,33.409058
139,-81.942642,33.40906
140,-81.942654,33.409057
141,-81.943286,33.408886
142,-81.945003,33.40775
143,-81.945547,33.40739
144,-81.945799,33.40514
145,-81.944418,33.403448
146,-81.943016,33.40266
147,-81.938404,33.400068
148,-81.93798,33.39983
149,-81.936906,33.399226
150,-81.935204,33.397622
151,-81.934633,33.396538
152,-81.932483,33.38892
153,-81.932371,33.38819
154,-81.931849,33.384786
155,-81.9319,33.383651
156,-81.931578,33.382403
157,-81.931388,33.38167
158,-81.931088,33.380509
159,-81.930939,33.380312
160,-81.928861,33.377572
161,-81.928568,33.377409
162,-81.926215,33.376104
163,-81.925173,33.375088
164,-81.92481,33.373819
165,-81.924798,33.373774
166,-81.924804,33.37374
167,-81.925049,33.372378
168,-81.925066,33.372286
169,-81.925187,33.37213
170,-81.926354,33.370626
171,-81.926861,33.369972
172,-81.93097,33.367564
173,-81.932768,33.367786
174,-81.933472,33.368127
175,-81.934748,33.369118
176,-81.935218,33.369483
177,-81.936876,33.371335
178,-81.938562,33.372177
179,-81.938614,33.372178
180,-81.943445,33.372273
181,-81.944411,33.372011
182,-81.945443,33.371378
183,-81.946365,33.370484
184,-81.946371,33.370479
185,-81.946372,33.370471
186,-81.946578,33.368476
187,-81.946435,33.367571
188,-81.945233,33.364888
189,-81.943853,33.363196
190,-81.942257,33.361858
191,-81.938098,33.359444
192,-81.936884,33.358533
193,-81.936558,33.358169
194,-81.935737,33.357251
195,-81.934912,33.355881
196,-81.934816,33.355595
197,-81.934514,33.354691
198,-81.93511,33.35223
199,-81.935932,33.351064
200,-81.937915,33.349407
201,-81.939999,33.347215
202,-81.940181,33.347024
203,-81.940382,33.345908
204,-81.940171,33.345375
205,-81.939152,33.344235
206,-81.938021,33.343715
207,-81.936823,33.343567
208,-81.933955,33.34334
209,-81.931492,33.343416
210,-81.926581,33.345331
211,-81.926553,33.345342
212,-81.926541,33.34534
213,-81.924606,33.345101
214,-81.923348,33.344439
215,-81.920777,33.341712
216,-81.919655,33.340957
217,-81.918673,33.340296
218,-81.917337,33.341342
219,-81.916037,33.342242
220,-81.914937,33.343742
221,-81.914537,33.344741
222,-81.914037,33.345641
223,-81.913259,33.346676
224,-81.911897,33.347148
225,-81.910802,33.347104
226,-81.909262,33.346704
227,-81.908637,33.345741
228,-81.908437,33.343842
229,-81.909962,33.342417
230,-81.911637,33.342042
231,-81.912637,33.342042
232,-81.914237,33.341842
233,-81.915537,33.340742
234,-81.916037,33.339342
235,-81.916637,33.338542
236,-81.917637,33.337542
237,-81.917937,33.336542
238,-81.918738,33.335441
239,-81.919289,33.334683
240,-81.919063,33.333387
241,-81.918276,33.332656
242,-81.91427,33.330259
243,-81.908163,33.326774
244,-81.908237,33.325742
245,-81.909137,33.323942
246,-81.909937,33.323142
247,-81.910796,33.322774
248,-81.911337,33.322542
249,-81.912337,33.322142
250,-81.913637,33.320942
251,-81.913498,33.320457
252,-81.913237,33.319542
253,-81.912137,33.319142
254,-81.910937,33.319342
255,-81.909092,33.319983
256,-81.907053,33.320838
257,-81.906131,33.32162
258,-81.905918,33.323362
259,-81.906161,33.324863
260,-81.906037,33.326042
261,-81.905137,33.326642
262,-81.90475,33.327125
263,-81.904207,33.327493
264,-81.903785,33.328381
265,-81.903467,33.329049
266,-81.902848,33.331635
267,-81.902824,33.331649
268,-81.901987,33.332162
269,-81.899585,33.332752
270,-81.896641,33.328711
271,-81.896992,33.328009
272,-81.897358,33.327279
273,-81.897652,33.32702
274,-81.898997,33.325833
275,-81.899089,33.325682
276,-81.899148,33.325586
277,-81.89943,33.325126
278,-81.899587,33.324258
279,-81.899422,33.323477
280,-81.898149,33.322052
281,-81.897018,33.321531
282,-81.895349,33.321452
283,-81.891832,33.322284
284,-81.890207,33.321956
285,-81.889531,33.321062
286,-81.889466,33.320976
287,-81.88969,33.319736
288,-81.889898,33.319397
289,-81.890124,33.319029
290,-81.892147,33.317568
291,-81.891985,33.317295
292,-81.890593,33.31495
293,-81.890563,33.3149
294,-81.890412,33.314981
295,-81.8865,33.317059
296,-81.885867,33.31723
297,-81.885748,33.317262
298,-81.885535,33.31732
299,-81.8855,33.317315
300,-81.88314,33.317023
301,-81.881972,33.315864
302,-81.881725,33.314692
303,-81.882112,33.312547
304,-81.88215,33.312336
305,-81.882734,33.311647
306,-81.883259,33.311325
307,-81.883766,33.311015
308,-81.884738,33.309867
309,-81.884835,33.308485
310,-81.88169,33.303023
311,-81.880926,33.302168
312,-81.879879,33.302038
313,-81.879191,33.30246
314,-81.878927,33.302787
315,-81.877473,33.304592
316,-81.874456,33.308339
317,-81.874111,33.308788
318,-81.871254,33.312506
319,-81.870221,33.313138
320,-81.870125,33.313169
321,-81.869084,33.313504
322,-81.866453,33.313241
323,-81.865499,33.312172
324,-81.86514,33.31162
325,-81.864039,33.307553
326,-81.865146,33.303126
327,-81.864277,33.302004
328,-81.863252,33.30175
329,-81.861554,33.30268
330,-81.86097,33.303368
331,-81.860985,33.304131
332,-81.860825,33.304422
333,-81.860529,33.304962
334,-81.860461,33.30501
335,-81.85871,33.306266
336,-81.858419,33.306475
337,-81.857328,33.307547
338,-81.85693,33.307938
339,-81.856301,33.308874
340,-81.856202,33.309423
341,-81.856122,33.309866
342,-81.855788,33.310071
343,-81.855422,33.310295
344,-81.855089,33.310499
345,-81.854592,33.310483
346,-81.854416,33.310477
347,-81.85372,33.310455
348,-81.848867,33.307692
349,-81.848309,33.307374
350,-81.846528,33.305377
351,-81.846214,33.304578
352,-81.846483,33.30309
353,-81.846878,33.302502
354,-81.847112,33.302153
355,-81.849438,33.299783
356,-81.849551,33.299667
357,-81.850562,33.299159
358,-81.852153,33.299003
359,-81.852275,33.298991
360,-81.852978,33.299332
361,-81.854625,33.299537
362,-81.857603,33.299146
363,-81.858704,33.299251
364,-81.859784,33.299354
365,-81.861721,33.297946
366,-81.861765,33.297626
367,-81.861949,33.296263
368,-81.861917,33.29571
369,-81.861799,33.293708
370,-81.861981,33.292706
371,-81.862113,33.291972
372,-81.86276,33.291057
373,-81.863348,33.290224
374,-81.863505,33.289356
375,-81.863265,33.289136
376,-81.858875,33.28511
377,-81.858387,33.284662
378,-81.849926,33.28323
379,-81.847307,33.284173
380,-81.845811,33.283987
381,-81.845407,33.283683
382,-81.844562,33.282437
383,-81.844384,33.279763
384,-81.844382,33.27973
385,-81.844315,33.278729
386,-81.843044,33.277303
387,-81.840351,33.274432
388,-81.839947,33.274128
389,-81.838136,33.273845
390,-81.837036,33.274145
391,-81.835836,33.274845
392,-81.834736,33.275445
393,-81.833336,33.276145
394,-81.832436,33.275345
395,-81.832832,33.273978
396,-81.833936,33.272695
397,-81.835036,33.271945
398,-81.835736,33.271045
399,-81.835592,33.269468
400,-81.835386,33.26722
401,-81.835807,33.264839
402,-81.836036,33.263545
403,-81.835436,33.262395
404,-81.834236,33.262145
405,-81.832761,33.262595
406,-81.831836,33.263345
407,-81.830936,33.264145
408,-81.829636,33.264395
409,-81.828536,33.263845
410,-81.828536,33.262345
411,-81.829836,33.261495
412,-81.830936,33.260895
413,-81.831836,33.260145
414,-81.832986,33.258995
415,-81.834011,33.258395
416,-81.835036,33.258645
417,-81.836036,33.259145
418,-81.836836,33.260045
419,-81.837236,33.261045
420,-81.838036,33.262545
421,-81.841026,33.263104
422,-81.841893,33.264226
423,-81.841978,33.265236
424,-81.84199,33.265379
425,-81.842149,33.26566
426,-81.842679,33.266596
427,-81.842686,33.266607
428,-81.843883,33.266756
429,-81.844296,33.266716
430,-81.845595,33.266589
431,-81.846859,33.266365
432,-81.847521,33.26596
433,-81.847547,33.265944
434,-81.847604,33.265877
435,-81.847802,33.265644
436,-81.847936,33.265485
437,-81.847978,33.265064
438,-81.848088,33.263965
439,-81.848123,33.263606
440,-81.846688,33.258863
441,-81.846097,33.258201
442,-81.845977,33.258065
443,-81.845671,33.257722
444,-81.844818,33.257362
445,-81.840623,33.256717
446,-81.840503,33.256699
447,-81.84033,33.256504
448,-81.839836,33.25595
449,-81.83974,33.255843
450,-81.839836,33.255314
451,-81.839912,33.254894
452,-81.839965,33.254603
453,-81.840825,33.254076
454,-81.845095,33.252451
455,-81.845865,33.25242
456,-81.846193,33.252472
457,-81.847203,33.252631
458,-81.849286,33.252958
459,-81.849732,33.253028
460,-81.850846,33.252786
461,-81.852072,33.251925
462,-81.852844,33.25092
463,-81.852872,33.250883
464,-81.853135,33.249427
465,-81.853186,33.249147
466,-81.852977,33.248613
467,-81.852057,33.247544
468,-81.849537,33.24565
469,-81.84852,33.244509
470,-81.847847,33.243157
471,-81.8468,33.242142
472,-81.84621,33.24157
473,-81.845896,33.241266
474,-81.84381,33.240118
475,-81.838861,33.238741
476,-81.831998,33.233575
477,-81.828381,33.229067
478,-81.826849,33.228242
479,-81.822984,33.227633
480,-81.818806,33.226225
481,-81.818542,33.226192
482,-81.818507,33.226187
483,-81.818411,33.226136
484,-81.815442,33.224537
485,-81.810948,33.223491
486,-81.810748,33.223444
487,-81.810516,33.223212
488,-81.809584,33.222286
489,-81.809583,33.222284
490,-81.808642,33.219884
491,-81.808181,33.216529
492,-81.80816,33.214119
493,-81.80816,33.214117
494,-81.807942,33.213795
495,-81.807316,33.21287
496,-81.806531,33.212138
497,-81.805127,33.211456
498,-81.804767,33.211411
499,-81.803482,33.21125
500,-81.79991,33.211565
501,-81.797369,33.211248
502,-81.791324,33.208337
503,-81.785686,33.207822
504,-81.783716,33.208146
505,-81.780285,33.209366
506,-81.780233,33.209401
507,-81.778714,33.210438
508,-81.777868,33.211727
509,-81.777522,33.214474
510,-81.777525,33.214479
511,-81.778806,33.216663
512,-81.78109,33.219232
513,-81.781092,33.219237
514,-81.781299,33.219765
515,-81.780947,33.220863
516,-81.779593,33.221581
517,-81.779297,33.221554
518,-81.773735,33.221047
519,-81.773735,33.221047
520,-81.773345,33.220235
521,-81.773342,33.220228
522,-81.772386,33.219602
523,-81.771815,33.218959
524,-81.770242,33.218151
525,-81.768878,33.21745
526,-81.768245,33.216739
527,-81.768244,33.216737
528,-81.768209,33.216648
529,-81.767931,33.215937
530,-81.768125,33.215708
531,-81.767589,33.213611
532,-81.764169,33.204687
533,-81.764168,33.204686
534,-81.763475,33.203457
535,-81.763056,33.202986
536,-81.762973,33.202893
537,-81.762713,33.202601
538,-81.76237,33.202357
539,-81.761807,33.201957
540,-81.761631,33.201831
541,-81.7615,33.201778
542,-81.758075,33.200371
543,-81.757213,33.199253
544,-81.75721,33.199248
545,-81.757275,33.198672
546,-81.757035,33.198148
547,-81.757461,33.197039
548,-81.757488,33.196971
549,-81.757535,33.196848
550,-81.758435,33.195748
551,-81.758622,33.195578
552,-81.759535,33.194747
553,-81.759935,33.193247
554,-81.759935,33.191848
555,-81.760235,33.190448
556,-81.760353,33.190142
557,-81.760596,33.18951
558,-81.760735,33.189148
559,-81.762035,33.188547
560,-81.762064,33.188541
561,-81.762959,33.18835
562,-81.763435,33.188248
563,-81.764635,33.188198
564,-81.765835,33.187898
565,-81.766598,33.186992
566,-81.766635,33.186948
567,-81.766697,33.186856
568,-81.767235,33.186048
569,-81.767517,33.185258
570,-81.767735,33.184648
571,-81.767676,33.184
572,-81.767635,33.183548
573,-81.767138,33.182455
574,-81.767135,33.182449
575,-81.765935,33.181348
576,-81.765381,33.180636
577,-81.765238,33.180453
578,-81.765235,33.180449
579,-81.765035,33.179149
580,-81.765835,33.178049
581,-81.767035,33.177849
582,-81.768235,33.178249
583,-81.769135,33.178849
584,-81.769835,33.179648
585,-81.770835,33.180849
586,-81.771835,33.181548
587,-81.772435,33.18045
588,-81.772435,33.180449
589,-81.771435,33.179049
590,-81.770836,33.178149
591,-81.770835,33.178148
592,-81.770138,33.176754
593,-81.770135,33.176749
594,-81.769453,33.175623
595,-81.769135,33.175099
596,-81.768535,33.174249
597,-81.767735,33.173149
598,-81.767038,33.172152
599,-81.767035,33.172148
600,-81.766735,33.170749
601,-81.767335,33.169549
602,-81.767762,33.168855
603,-81.768135,33.168249
604,-81.767638,33.167255
605,-81.767635,33.167249
606,-81.766535,33.166449
607,-81.765135,33.165849
608,-81.764237,33.16525
609,-81.764235,33.165249
610,-81.763835,33.163949
611,-81.763835,33.162748
612,-81.763635,33.161648
613,-81.763335,33.160549
614,-81.763168,33.159532
615,-81.763167,33.159529
616,-81.762035,33.158248
617,-81.761135,33.157649
618,-81.759992,33.156683
619,-81.759835,33.15655
620,-81.758835,33.15565
621,-81.758035,33.154649
622,-81.757335,33.15385
623,-81.756135,33.15265
624,-81.755135,33.15155
625,-81.754135,33.15055
626,-81.753235,33.14965
627,-81.752435,33.14885
628,-81.751804,33.148383
629,-81.751765,33.148355
630,-81.751285,33.148
631,-81.749935,33.147283
632,-81.748401,33.146879
633,-81.748368,33.14687
634,-81.747535,33.14665
635,-81.746335,33.14605
636,-81.746335,33.14605
637,-81.746012,33.145403
638,-81.745435,33.14425
639,-81.744538,33.142156
640,-81.744535,33.14215
641,-81.742435,33.14085
642,-81.740835,33.14005
643,-81.739035,33.13935
644,-81.737735,33.13855
645,-81.736635,33.13765
646,-81.735135,33.13665
647,-81.733734,33.135849
648,-81.732334,33.13525
649,-81.731234,33.13465
650,-81.729534,33.13375
651,-81.727934,33.132551
652,-81.726634,33.131351
653,-81.725434,33.130451
654,-81.724334,33.129451
655,-81.723584,33.128451
656,-81.723434,33.128251
657,-81.722534,33.12715
658,-81.721734,33.126451
659,-81.720834,33.125951
660,-81.719934,33.125451
661,-81.718734,33.124901
662,-81.717534,33.124251
663,-81.716434,33.123751
664,-81.715034,33.123251
665,-81.714034,33.122951
666,-81.712934,33.122551
667,-81.711634,33.121951
668,-81.710734,33.12135
669,-81.704634,33.11645
670,-81.703634,33.116251
671,-81.702434,33.116251
672,-81.700634,33.116551
673,-81.699034,33.116751
674,-81.697534,33.11665
675,-81.696434,33.116351
676,-81.695134,33.115951
677,-81.693734,33.115451
678,-81.692134,33.115051
679,-81.690834,33.114651
680,-81.689534,33.114251
681,-81.688134,33.11385
682,-81.687034,33.11345
683,-81.685633,33.113151
684,-81.684333,33.112851
685,-81.682833,33.112551
686,-81.681533,33.112251
687,-81.680133,33.11195
688,-81.678833,33.111451
689,-81.677733,33.110951
690,-81.676533,33.110351
691,-81.675433,33.109751
692,-81.674333,33.10915
693,-81.673333,33.108551
694,-81.672333,33.108051
695,-81.671133,33.107551
696,-81.670033,33.10725
697,-81.669033,33.106951
698,-81.667733,33.106552
699,-81.666333,33.106152
700,-81.665133,33.105852
701,-81.663633,33.105252
702,-81.662333,33.104751
703,-81.661233,33.104252
704,-81.660033,33.103852
705,-81.659033,33.103451
706,-81.657733,33.102752
707,-81.656833,33.102151
708,-81.655633,33.101452
709,-81.654433,33.100451
710,-81.653333,33.099452
711,-81.652433,33.098551
712,-81.651233,33.097651
713,-81.650333,33.097051
714,-81.64999,33.096846
715,-81.649333,33.096452
716,-81.648533,33.095852
717,-81.648272,33.095722
718,-81.647533,33.095352
719,-81.646433,33.094552
720,-81.645433,33.094051
721,-81.644391,33.093457
722,-81.642396,33.093205
723,-81.64028,33.092937
724,-81.639019,33.092778
725,-81.636753,33.093051
726,-81.636727,33.093054
727,-81.623095,33.094695
728,-81.622689,33.094766
729,-81.621532,33.094968
730,-81.618048,33.095577
731,-81.61779,33.095647
732,-81.617084,33.095836
733,-81.615427,33.09542
734,-81.61416,33.095291
735,-81.612992,33.094809
736,-81.611976,33.094554
737,-81.611677,33.094516
738,-81.61073,33.093574
739,-81.609735,33.092585
740,-81.609482,33.092335
741,-81.609191,33.091583
742,-81.608653,33.090199
743,-81.608342,33.089399
744,-81.608365,33.089275
745,-81.608469,33.088707
746,-81.60857,33.088159
747,-81.609199,33.087224
748,-81.609528,33.086885
749,-81.609553,33.08686
750,-81.610157,33.086239
751,-81.610517,33.085868
752,-81.611158,33.085476
753,-81.612408,33.084712
754,-81.612993,33.084025
755,-81.61323,33.081898
756,-81.612919,33.081097
757,-81.612904,33.08108
758,-81.612034,33.080097
759,-81.610948,33.079959
760,-81.610841,33.079946
761,-81.610816,33.079952
762,-81.610493,33.080039
763,-81.610199,33.080118
764,-81.608746,33.08084
765,-81.606644,33.081885
766,-81.606335,33.082039
767,-81.603914,33.08429
768,-81.603574,33.084607
769,-81.603573,33.084608
770,-81.602739,33.086658
771,-81.60255,33.086773
772,-81.602476,33.086819
773,-81.602051,33.087078
774,-81.601515,33.08701
775,-81.601271,33.086979
776,-81.601156,33.086964
777,-81.600145,33.085821
778,-81.599834,33.08502
779,-81.596788,33.080827
780,-81.5965,33.079902
781,-81.596501,33.079893
782,-81.596502,33.079888
783,-81.59675,33.078538
784,-81.598217,33.077202
785,-81.59881,33.07684
786,-81.599183,33.076612
787,-81.599937,33.076151
788,-81.601221,33.075807
789,-81.601344,33.075823
790,-81.601967,33.075902
791,-81.603297,33.075309
792,-81.603307,33.074422
793,-81.602928,33.073993
794,-81.602283,33.073579
795,-81.601723,33.073218
796,-81.601699,33.073203
797,-81.60168,33.073196
798,-81.600366,33.072711
799,-81.600127,33.072623
800,-81.599242,33.07251
801,-81.599083,33.07249
802,-81.596025,33.072693
803,-81.594832,33.070566
804,-81.593586,33.069496
805,-81.592645,33.06991
806,-81.592517,33.073062
807,-81.590111,33.07213
808,-81.584361,33.069902
809,-81.582975,33.068575
810,-81.583103,33.06496
811,-81.57875,33.066195
812,-81.577187,33.065939
813,-81.57716,33.064335
814,-81.580994,33.062697
815,-81.580406,33.061997
816,-81.579994,33.061755
817,-81.579855,33.061673
818,-81.578364,33.061483
819,-81.576635,33.06171
820,-81.574924,33.061934
821,-81.574107,33.060696
822,-81.578332,33.058936
823,-81.578122,33.057774
824,-81.577044,33.05725
825,-81.575425,33.057457
826,-81.573831,33.058303
827,-81.572829,33.058636
828,-81.571309,33.056873
829,-81.572318,33.055639
830,-81.573243,33.054903
831,-81.571905,33.053987
832,-81.570825,33.054192
833,-81.568832,33.054009
834,-81.567643,33.053394
835,-81.5666,33.053386
836,-81.566577,33.053385
837,-81.566569,33.05339
838,-81.563209,33.055566
839,-81.563436,33.057505
840,-81.565505,33.058483
841,-81.567061,33.059727
842,-81.566203,33.06086
843,-81.564299,33.06078
844,-81.563372,33.060156
845,-81.562885,33.059047
846,-81.562247,33.0576
847,-81.561795,33.057399
848,-81.561178,33.057013
849,-81.560969,33.05691
850,-81.560478,33.05667
851,-81.559364,33.055259
852,-81.558858,33.053037
853,-81.559177,33.051301
854,-81.559441,33.0507
855,-81.559718,33.050531
856,-81.559998,33.05036
857,-81.560816,33.04986
858,-81.561469,33.049863
859,-81.564933,33.049877
860,-81.565401,33.049592
861,-81.565953,33.049254
862,-81.565965,33.049247
863,-81.566183,33.048894
864,-81.565569,33.048092
865,-81.565343,33.047797
866,-81.565321,33.047769
867,-81.564644,33.047302
868,-81.563388,33.046672
869,-81.560892,33.045421
870,-81.559895,33.044921
871,-81.559108,33.044706
872,-81.556408,33.043969
873,-81.554606,33.043531
874,-81.554217,33.043436
875,-81.554164,33.04343
876,-81.552761,33.043251
877,-81.552279,33.043189
878,-81.552,33.043359
879,-81.551555,33.043631
880,-81.550731,33.044134
881,-81.549757,33.045279
882,-81.547328,33.048227
883,-81.547202,33.04838
884,-81.546969,33.048522
885,-81.54643,33.048851
886,-81.54617,33.04901
887,-81.545722,33.048953
888,-81.544825,33.048838
889,-81.543785,33.048706
890,-81.542706,33.047934
891,-81.542416,33.047501
892,-81.542196,33.047174
893,-81.541868,33.046685
894,-81.541831,33.045654
895,-81.540213,33.040763
896,-81.538951,33.039333
897,-81.538848,33.039272
898,-81.538649,33.039156
899,-81.538125,33.038847
900,-81.53577,33.038547
901,-81.53574,33.038543
902,-81.534094,33.03918
903,-81.533275,33.039497
904,-81.532548,33.039941
905,-81.53104,33.040862
906,-81.530099,33.040996
907,-81.528907,33.040843
908,-81.528402,33.040271
909,-81.528344,33.039756
910,-81.528539,33.039
911,-81.528882,33.037668
912,-81.528836,33.036266
913,-81.528524,33.035912
914,-81.52786,33.03516
915,-81.527322,33.03455
916,-81.524706,33.032185
917,-81.52327,33.031294
918,-81.521312,33.03008
919,-81.520325,33.029468
920,-81.519822,33.029292
921,-81.519451,33.029163
922,-81.518605,33.028868
923,-81.515773,33.028506
924,-81.514,33.028622
925,-81.513148,33.028678
926,-81.512127,33.028421
927,-81.511658,33.027944
928,-81.511113,33.02739
929,-81.510844,33.027116
930,-81.510843,33.027114
931,-81.510636,33.02658
932,-81.51071,33.026179
933,-81.510819,33.025588
934,-81.511187,33.025098
935,-81.51169,33.024506
936,-81.514024,33.023663
937,-81.517594,33.023991
938,-81.519075,33.023196
939,-81.518388,33.021592
940,-81.518385,33.021586
941,-81.516073,33.020833
942,-81.513715,33.020574
943,-81.511334,33.021465
944,-81.510583,33.021299
945,-81.510154,33.020934
946,-81.51003,33.020778
947,-81.509041,33.019523
948,-81.50825,33.018026
949,-81.508089,33.017244
950,-81.50832,33.0164
951,-81.508559,33.015527
952,-81.508947,33.015034
953,-81.509556,33.014258
954,-81.510641,33.013396
955,-81.511344,33.012837
956,-81.511365,33.012587
957,-81.511413,33.012014
958,-81.51147,33.01133
959,-81.510839,33.010615
960,-81.510811,33.010598
961,-81.510044,33.010147
962,-81.510014,33.010129
963,-81.509989,33.010132
964,-81.508782,33.010304
965,-81.508604,33.010329
966,-81.508462,33.01043
967,-81.508071,33.01071
968,-81.507549,33.011083
969,-81.507465,33.011464
970,-81.506859,33.014188
971,-81.506659,33.01509
972,-81.506644,33.015155
973,-81.506055,33.015636
974,-81.505629,33.015983
975,-81.505567,33.016033
976,-81.504776,33.016186
977,-81.504587,33.016161
978,-81.503686,33.016046
979,-81.503286,33.015995
980,-81.501933,33.01506
981,-81.501399,33.014398
982,-81.500549,33.013345
983,-81.499999,33.012664
984,-81.499078,33.011522
985,-81.498773,33.01143
986,-81.498356,33.011303
987,-81.497693,33.010799
988,-81.497152,33.010387
989,-81.496752,33.010286
990,-81.495463,33.009961
991,-81.495112,33.009872
992,-81.494793,33.009832
993,-81.49243,33.009529
994,-81.492289,33.009348
995,-81.492082,33.009082
996,-81.491444,33.008261
997,-81.491453,33.008128
998,-81.491472,33.007816
999,-81.491524,33.007002
1000,-81.4929,33.006162
1001,-81.494035,33.0058
1002,-81.496235,33.005447
1003,-81.497306,33.005584
1004,-81.497427,33.0056
1005,-81.498413,33.005218
1006,-81.498537,33.005143
1007,-81.498943,33.004895
1008,-81.499445,33.004589
1009,-81.499805,33.004121
1010,-81.499913,33.003981
1011,-81.500247,33.003549
1012,-81.500487,33.003072
1013,-81.500566,33.002211
1014,-81.500594,33.001902
1015,-81.499763,33.000662
1016,-81.498766,33.000155
1017,-81.497369,32.999758
1018,-81.495707,32.999465
1019,-81.494246,32.999267
1020,-81.492737,32.999108
1021,-81.491495,32.998572
1022,-81.491222,32.996744
1023,-81.491457,32.995437
1024,-81.492252,32.99351
1025,-81.493442,32.992427
1026,-81.495034,32.991723
1027,-81.496138,32.990913
1028,-81.49642,32.989615
1029,-81.495996,32.988295
1030,-81.494329,32.98626
1031,-81.494345,32.985084
1032,-81.495504,32.983534
1033,-81.495499,32.981785
1034,-81.494798,32.980586
1035,-81.494756,32.979508
1036,-81.494736,32.978997
1037,-81.495495,32.977562
1038,-81.496225,32.976042
1039,-81.496085,32.975728
1040,-81.497236,32.974104
1041,-81.497323,32.973983
1042,-81.497418,32.973773
1043,-81.49791,32.972699
1044,-81.49809,32.972304
1045,-81.498438,32.97042
1046,-81.498479,32.970196
1047,-81.498548,32.968174
1048,-81.499007,32.966409
1049,-81.49912,32.965973
1050,-81.49942,32.964818
1051,-81.499602,32.96412
1052,-81.499819,32.963767
1053,-81.50085,32.963138
1054,-81.5011,32.963071
1055,-81.5019,32.962857
1056,-81.502133,32.962794
1057,-81.502374,32.962807
1058,-81.502509,32.962814
1059,-81.503795,32.96288
1060,-81.504576,32.963427
1061,-81.506899,32.965054
1062,-81.507166,32.965089
1063,-81.507765,32.966605
1064,-81.507762,32.967661
1065,-81.507847,32.968854
1066,-81.508839,32.969368
1067,-81.51015,32.968991
1068,-81.511156,32.967989
1069,-81.511347,32.966721
1070,-81.510838,32.964654
1071,-81.510711,32.964043
1072,-81.510221,32.961925
1073,-81.510213,32.961724
1074,-81.510144,32.960067
1075,-81.510042,32.957605
1076,-81.510025,32.957204
1077,-81.509745,32.956415
1078,-81.508421,32.952683
1079,-81.504724,32.948729
1080,-81.503838,32.947781
1081,-81.502888,32.947152
1082,-81.50023,32.945726
1083,-81.500133,32.945674
1084,-81.500052,32.945582
1085,-81.49977,32.945262
1086,-81.499612,32.945082
1087,-81.499637,32.944947
1088,-81.499932,32.943346
1089,-81.501948,32.940685
1090,-81.50252,32.939235
1091,-81.502475,32.939118
1092,-81.502417,32.938968
1093,-81.502512,32.937473
1094,-81.502512,32.937467
1095,-81.502577,32.93645
1096,-81.502623,32.936202
1097,-81.502289,32.935497
1098,-81.501855,32.93458
1099,-81.501411,32.934075
1100,-81.501225,32.933865
1101,-81.498901,32.932425
1102,-81.495774,32.932024
1103,-81.494801,32.931519
1104,-81.492476,32.928428
1105,-81.491457,32.928171
1106,-81.48966,32.927179
1107,-81.488434,32.926387
1108,-81.484278,32.923315
1109,-81.483271,32.922171
1110,-81.483274,32.921887
1111,-81.483292,32.920565
1112,-81.483294,32.920396
1113,-81.483924,32.919462
1114,-81.484084,32.919364
1115,-81.485469,32.918517
1116,-81.486088,32.91847
1117,-81.486752,32.918017
1118,-81.487313,32.917635
1119,-81.487656,32.917402
1120,-81.487863,32.916286
1121,-81.487656,32.915751
1122,-81.487258,32.915365
1123,-81.486752,32.914874
1124,-81.485799,32.914379
1125,-81.485779,32.914368
1126,-81.484588,32.914215
1127,-81.483054,32.914273
1128,-81.482661,32.914425
1129,-81.482069,32.914654
1130,-81.481028,32.91452
1131,-81.480685,32.914188
1132,-81.480289,32.913804
1133,-81.480123,32.913643
1134,-81.479917,32.913108
1135,-81.479988,32.912728
1136,-81.480018,32.912564
1137,-81.480238,32.911372
1138,-81.481053,32.910731
1139,-81.481486,32.91039
1140,-81.481692,32.909274
1141,-81.480754,32.907757
1142,-81.480671,32.907663
1143,-81.479495,32.906326
1144,-81.479195,32.905652
1145,-81.479184,32.905626
1146,-81.478957,32.905115
1147,-81.478843,32.904085
1148,-81.479072,32.902845
1149,-81.480183,32.900956
1150,-81.480835,32.899897
1151,-81.480852,32.899809
1152,-81.480996,32.899029
1153,-81.480817,32.89875
1154,-81.480653,32.898495
1155,-81.480286,32.897923
1156,-81.479588,32.897579
1157,-81.476574,32.897192
1158,-81.476017,32.897121
1159,-81.474984,32.896406
1160,-81.474666,32.896186
1161,-81.47303,32.894325
1162,-81.472624,32.894234
1163,-81.471714,32.894029
1164,-81.470964,32.894487
1165,-81.470683,32.894659
1166,-81.470523,32.895527
1167,-81.471676,32.897882
1168,-81.47185,32.898236
1169,-81.471655,32.900115
1170,-81.471266,32.900573
1171,-81.47088,32.900777
1172,-81.470617,32.900917
1173,-81.469915,32.901288
1174,-81.467683,32.901002
1175,-81.465211,32.899542
1176,-81.464078,32.898254
1177,-81.463872,32.897719
1178,-81.463998,32.896212
1179,-81.465784,32.894791
1180,-81.467845,32.893533
1181,-81.468229,32.892346
1182,-81.468227,32.891647
1183,-81.46751,32.890842
1184,-81.466546,32.890362
1185,-81.465933,32.889452
1186,-81.467104,32.888999
1187,-81.468823,32.889785
1188,-81.470245,32.890386
1189,-81.471534,32.890433
1190,-81.472288,32.890075
1191,-81.475298,32.88865
1192,-81.476843,32.887706
1193,-81.477037,32.887477
1194,-81.477316,32.886867
1195,-81.477448,32.886578
1196,-81.479339,32.882441
1197,-81.479522,32.881449
1198,-81.478916,32.880609
1199,-81.478709,32.880418
1200,-81.478457,32.880186
1201,-81.475403,32.877365
1202,-81.473961,32.876926
1203,-81.473735,32.877064
1204,-81.473618,32.877136
1205,-81.472405,32.877107
1206,-81.471364,32.876973
1207,-81.470391,32.876468
1208,-81.469495,32.876421
1209,-81.468732,32.876381
1210,-81.468424,32.876608
1211,-81.467964,32.876947
1212,-81.46785,32.87703
1213,-81.46761,32.877507
1214,-81.467537,32.878424
1215,-81.46738,32.880397
1216,-81.466901,32.880645
1217,-81.46636,32.880925
1218,-81.466201,32.881007
1219,-81.465394,32.880904
1220,-81.464992,32.880852
1221,-81.464714,32.880816
1222,-81.462277,32.878345
1223,-81.461031,32.876027
1224,-81.460101,32.875078
1225,-81.459749,32.874719
1226,-81.458651,32.87407
1227,-81.458555,32.874058
1228,-81.456786,32.873831
1229,-81.456569,32.873803
1230,-81.456362,32.873865
1231,-81.454795,32.874336
1232,-81.453753,32.874202
1233,-81.452747,32.873057
1234,-81.452279,32.871474
1235,-81.451479,32.869212
1236,-81.45117,32.868411
1237,-81.45132,32.86678
1238,-81.452754,32.859855
1239,-81.453921,32.858481
1240,-81.455227,32.856364
1241,-81.456286,32.854264
1242,-81.457151,32.852549
1243,-81.457403,32.851185
1244,-81.456067,32.847114
1245,-81.455358,32.844955
1246,-81.454902,32.844436
1247,-81.454729,32.844239
1248,-81.452648,32.843971
1249,-81.451766,32.84462
1250,-81.451747,32.844762
1251,-81.451342,32.847739
1252,-81.450929,32.848321
1253,-81.449556,32.84916
1254,-81.44594,32.850599
1255,-81.44538,32.850707
1256,-81.444517,32.850873
1257,-81.444362,32.850903
1258,-81.443321,32.850769
1259,-81.442805,32.850183
1260,-81.442643,32.849998
1261,-81.442315,32.849624
1262,-81.442235,32.849233
1263,-81.442334,32.8488
1264,-81.443026,32.84578
1265,-81.441141,32.841982
1266,-81.440056,32.840446
1267,-81.439358,32.840102
1268,-81.438169,32.839949
1269,-81.437463,32.840444
1270,-81.436944,32.840807
1271,-81.435765,32.843067
1272,-81.434586,32.843677
1273,-81.433954,32.843634
1274,-81.433435,32.843598
1275,-81.432481,32.843533
1276,-81.431302,32.842542
1277,-81.429714,32.841209
1278,-81.423011,32.834614
1279,-81.421881,32.832283
1280,-81.421079,32.830412
1281,-81.421066,32.83038
1282,-81.421203,32.830193
1283,-81.421916,32.829219
1284,-81.422085,32.828988
1285,-81.424271,32.827873
1286,-81.424706,32.827168
1287,-81.425291,32.824831
1288,-81.425135,32.824583
1289,-81.422387,32.820239
1290,-81.422231,32.819992
1291,-81.421728,32.819419
1292,-81.421202,32.81897
1293,-81.418355,32.81873
1294,-81.417853,32.818157
1295,-81.418502,32.815844
1296,-81.418596,32.815512
1297,-81.418748,32.814972
1298,-81.420785,32.812187
1299,-81.42201,32.811329
1300,-81.422886,32.811095
1301,-81.423291,32.810987
1302,-81.423933,32.810594
1303,-81.42432,32.810358
1304,-81.425144,32.809194
1305,-81.4251,32.807792
1306,-81.424626,32.806559
1307,-81.424484,32.806189
1308,-81.424026,32.805605
1309,-81.423934,32.805487
1310,-81.423376,32.804776
1311,-81.423168,32.804687
1312,-81.422953,32.804594
1313,-81.42212,32.803344
1314,-81.422304,32.802352
1315,-81.42272,32.802033
1316,-81.422779,32.801988
1317,-81.423013,32.801809
1318,-81.423333,32.801723
1319,-81.424433,32.801904
1320,-81.426016,32.802165
1321,-81.426175,32.802191
1322,-81.426877,32.802307
1323,-81.428226,32.801592
1324,-81.428364,32.800848
1325,-81.428182,32.80019
1326,-81.427679,32.799617
1327,-81.426895,32.79928
1328,-81.426833,32.799254
1329,-81.426788,32.799202
1330,-81.426289,32.798634
1331,-81.425828,32.798109
1332,-81.425623,32.797574
1333,-81.425608,32.796528
1334,-81.425591,32.795285
1335,-81.42525,32.794602
1336,-81.424876,32.794172
1337,-81.42411,32.794134
1338,-81.42298,32.793998
1339,-81.421919,32.794193
1340,-81.420781,32.794475
1341,-81.419689,32.793782
1342,-81.420812,32.792299
1343,-81.4222,32.791867
1344,-81.42336,32.79144
1345,-81.424115,32.790931
1346,-81.424143,32.790781
1347,-81.424898,32.789989
1348,-81.426964,32.788822
1349,-81.427277,32.788645
1350,-81.427643,32.788312
1351,-81.427781,32.787568
1352,-81.42705,32.786584
1353,-81.425907,32.786183
1354,-81.423398,32.786052
1355,-81.422592,32.786009
1356,-81.42209,32.785437
1357,-81.422131,32.784797
1358,-81.422158,32.784377
1359,-81.422171,32.784177
1360,-81.422801,32.783243
1361,-81.423487,32.782823
1362,-81.424767,32.782481
1363,-81.426104,32.782653
1364,-81.427099,32.783035
1365,-81.427574,32.783503
1366,-81.429029,32.784935
1367,-81.429749,32.785091
1368,-81.430141,32.785175
1369,-81.430491,32.785251
1370,-81.431178,32.784831
1371,-81.431133,32.783429
1372,-81.430491,32.782576
1373,-81.429594,32.781384
1374,-81.429546,32.781319
1375,-81.428095,32.780116
1376,-81.426599,32.779162
1377,-81.425456,32.77876
1378,-81.423079,32.778453
1379,-81.420759,32.778662
1380,-81.418667,32.779281
1381,-81.418178,32.779507
1382,-81.417169,32.779976
1383,-81.416552,32.780023
1384,-81.415386,32.779746
1385,-81.41526,32.779603
1386,-81.414633,32.778887
1387,-81.41468,32.777964
1388,-81.414691,32.777751
1389,-81.416981,32.773603
1390,-81.417322,32.773394
1391,-81.417657,32.773189
1392,-81.418353,32.772764
1393,-81.418993,32.772593
1394,-81.423393,32.772653
1395,-81.425876,32.772462
1396,-81.430182,32.772132
1397,-81.430993,32.771856
1398,-81.431512,32.771484
1399,-81.431513,32.771484
1400,-81.432045,32.771103
1401,-81.432298,32.769738
1402,-81.431975,32.769314
1403,-81.431568,32.768779
1404,-81.431442,32.768612
1405,-81.430619,32.768125
1406,-81.428266,32.767694
1407,-81.425968,32.767779
1408,-81.42507,32.768056
1409,-81.423982,32.768391
1410,-81.423765,32.768458
1411,-81.423065,32.768674
1412,-81.42158,32.768482
1413,-81.420654,32.768098
1414,-81.418472,32.767192
1415,-81.417086,32.766033
1416,-81.416837,32.764657
1417,-81.417356,32.763334
1418,-81.418009,32.76253
1419,-81.418901,32.761132
1420,-81.417766,32.760222
1421,-81.416627,32.760537
1422,-81.415302,32.762735
1423,-81.414628,32.764184
1424,-81.41325,32.764609
1425,-81.412575,32.764176
1426,-81.412071,32.763717
1427,-81.411723,32.7634
1428,-81.41189,32.762494
1429,-81.412067,32.76154
1430,-81.412256,32.760906
1431,-81.41287,32.75885
1432,-81.414091,32.75612
1433,-81.414113,32.756014
1434,-81.413456,32.754997
1435,-81.412262,32.754691
1436,-81.411117,32.754852
1437,-81.409492,32.75574
1438,-81.408562,32.75663
1439,-81.408849,32.755038
1440,-81.410215,32.753726
1441,-81.411568,32.753117
1442,-81.413714,32.752833
1443,-81.415754,32.753191
1444,-81.417652,32.752737
1445,-81.418338,32.752318
1446,-81.418711,32.75179
1447,-81.419474,32.750713
1448,-81.419573,32.750572
1449,-81.419593,32.75047
1450,-81.419688,32.749955
1451,-81.419757,32.74958
1452,-81.419499,32.749193
1453,-81.418967,32.748393
1454,-81.418924,32.74833
1455,-81.418399,32.747881
1456,-81.417918,32.74785
1457,-81.417736,32.747839
1458,-81.416446,32.747756
1459,-81.414503,32.748394
1460,-81.412137,32.74885
1461,-81.407647,32.749286
1462,-81.406155,32.749093
1463,-81.405716,32.749036
1464,-81.405586,32.748887
1465,-81.405202,32.74845
1466,-81.404712,32.74789
1467,-81.40476,32.745992
1468,-81.405054,32.744957
1469,-81.405496,32.742023
1470,-81.406125,32.741089
1471,-81.408057,32.739687
1472,-81.412319,32.738841
1473,-81.413176,32.738317
1474,-81.413394,32.737964
1475,-81.413493,32.736647
1476,-81.413498,32.736581
1477,-81.41343,32.736508
1478,-81.411592,32.734557
1479,-81.411513,32.734166
1480,-81.411659,32.733378
1481,-81.411683,32.733247
1482,-81.411742,32.732925
1483,-81.412794,32.732172
1484,-81.413434,32.732001
1485,-81.414068,32.732083
1486,-81.414906,32.732191
1487,-81.414919,32.732193
1488,-81.414945,32.73221
1489,-81.41614,32.732986
1490,-81.417179,32.73312
1491,-81.417475,32.732939
1492,-81.417865,32.732701
1493,-81.4183,32.731995
1494,-81.418118,32.730747
1495,-81.417585,32.727103
1496,-81.417562,32.726947
1497,-81.417852,32.725384
1498,-81.41721,32.724653
1499,-81.415591,32.723531
1500,-81.413766,32.72319
1501,-81.412414,32.723255
1502,-81.411328,32.723433
1503,-81.410074,32.723096
1504,-81.409988,32.721863
1505,-81.410916,32.721207
1506,-81.412552,32.721386
1507,-81.413568,32.721618
1508,-81.415271,32.721707
1509,-81.417553,32.72197
1510,-81.418855,32.721757
1511,-81.419338,32.721462
1512,-81.420092,32.72067
1513,-81.420276,32.719678
1514,-81.419546,32.718695
1515,-81.41708,32.717233
1516,-81.416221,32.716252
1517,-81.415565,32.715503
1518,-81.415073,32.714942
1519,-81.414891,32.714283
1520,-81.41512,32.713043
1521,-81.41568,32.71248
1522,-81.416195,32.712166
1523,-81.417131,32.712033
1524,-81.420067,32.712412
1525,-81.4201,32.712417
1526,-81.420175,32.712371
1527,-81.421128,32.711787
1528,-81.421369,32.711311
1529,-81.421404,32.710299
1530,-81.422152,32.709742
1531,-81.423827,32.709702
1532,-81.424852,32.709983
1533,-81.425927,32.710037
1534,-81.426458,32.709017
1535,-81.424883,32.708315
1536,-81.424099,32.70756
1537,-81.424175,32.706103
1538,-81.424182,32.705959
1539,-81.424402,32.705649
1540,-81.424782,32.705112
1541,-81.425006,32.704796
1542,-81.425356,32.704544
1543,-81.426057,32.704043
1544,-81.427028,32.702898
1545,-81.427035,32.702813
1546,-81.427132,32.701515
1547,-81.426547,32.700847
1548,-81.426505,32.700799
1549,-81.425763,32.700703
1550,-81.425364,32.700759
1551,-81.423422,32.701035
1552,-81.422234,32.700882
1553,-81.421241,32.7005
1554,-81.420066,32.699459
1555,-81.419315,32.696949
1556,-81.418435,32.695944
1557,-81.418311,32.695803
1558,-81.418133,32.695763
1559,-81.417106,32.695531
1560,-81.416999,32.695506
1561,-81.416914,32.69552
1562,-81.415274,32.695791
1563,-81.415126,32.695741
1564,-81.413477,32.695181
1565,-81.413056,32.693953
1566,-81.412864,32.692791
1567,-81.411804,32.692044
1568,-81.410545,32.692512
1569,-81.410732,32.69431
1570,-81.410776,32.694739
1571,-81.411196,32.695821
1572,-81.410875,32.69686
1573,-81.409618,32.697046
1574,-81.408723,32.695815
1575,-81.408322,32.69466
1576,-81.408017,32.693424
1577,-81.406824,32.691586
1578,-81.405801,32.690009
1579,-81.40561,32.689716
1580,-81.405714,32.688768
1581,-81.405722,32.688696
1582,-81.40583,32.687712
1583,-81.406481,32.686653
1584,-81.406712,32.685408
1585,-81.406734,32.685289
1586,-81.406688,32.685243
1587,-81.405582,32.684124
1588,-81.404828,32.683858
1589,-81.404136,32.683615
1590,-81.403871,32.683521
1591,-81.402445,32.682194
1592,-81.400844,32.679764
1593,-81.400692,32.678538
1594,-81.401036,32.676677
1595,-81.402695,32.673463
1596,-81.404,32.669695
1597,-81.404128,32.668187
1598,-81.403946,32.667529
1599,-81.403975,32.66737
1600,-81.403992,32.667281
1601,-81.403498,32.666716
1602,-81.402612,32.665705
1603,-81.400024,32.6641
1604,-81.397788,32.663048
1605,-81.397286,32.662475
1606,-81.397059,32.662065
1607,-81.397174,32.661441
1608,-81.397233,32.661122
1609,-81.39738,32.660328
1610,-81.397514,32.660213
1611,-81.398468,32.659394
1612,-81.399493,32.65878
1613,-81.401245,32.658572
1614,-81.402327,32.658797
1615,-81.403254,32.659464
1616,-81.40384,32.66124
1617,-81.404505,32.66264
1618,-81.406567,32.66254
1619,-81.4073,32.66156
1620,-81.407193,32.660519
1621,-81.406708,32.65925
1622,-81.406326,32.658152
1623,-81.405858,32.657148
1624,-81.404552,32.656295
1625,-81.403269,32.656157
1626,-81.401879,32.656449
1627,-81.400792,32.656829
1628,-81.399432,32.656813
1629,-81.398934,32.656588
1630,-81.39799,32.656216
1631,-81.395005,32.654158
1632,-81.394183,32.653591
1633,-81.39368,32.653244
1634,-81.393425,32.652907
1635,-81.393254,32.652683
1636,-81.392826,32.652118
1637,-81.393079,32.650753
1638,-81.394712,32.649314
1639,-81.400651,32.645129
1640,-81.402133,32.64427
1641,-81.403863,32.643267
1642,-81.404053,32.643157
1643,-81.404175,32.643122
1644,-81.405024,32.642883
1645,-81.406417,32.64249
1646,-81.412385,32.640806
1647,-81.412511,32.640657
1648,-81.412503,32.64049
1649,-81.411827,32.639383
1650,-81.410053,32.638784
1651,-81.408144,32.638547
1652,-81.405711,32.638315
1653,-81.404238,32.638258
1654,-81.403234,32.637704
1655,-81.402846,32.63621
1656,-81.403621,32.635562
1657,-81.404884,32.634521
1658,-81.406113,32.632843
1659,-81.407271,32.631737
1660,-81.408197,32.631307
1661,-81.40933,32.631096
1662,-81.410912,32.63196
1663,-81.411523,32.632907
1664,-81.412157,32.634628
1665,-81.412529,32.635799
1666,-81.413411,32.637368
1667,-81.414761,32.637439
1668,-81.415566,32.637091
1669,-81.417572,32.635668
1670,-81.417763,32.635532
1671,-81.417717,32.635544
1672,-81.418171,32.635154
1673,-81.41859,32.633761
1674,-81.418483,32.632761
1675,-81.418694,32.631197
1676,-81.418675,32.63016
1677,-81.41866,32.629392
1678,-81.418116,32.628349
1679,-81.417381,32.627392
1680,-81.416255,32.626654
1681,-81.415213,32.626164
1682,-81.413956,32.625174
1683,-81.412619,32.623865
1684,-81.412349,32.622714
1685,-81.412515,32.621567
1686,-81.412966,32.620401
1687,-81.411906,32.618409
1688,-81.410484,32.617406
1689,-81.409263,32.617356
1690,-81.407517,32.616583
1691,-81.407107,32.615301
1692,-81.406897,32.613968
1693,-81.406464,32.613042
1694,-81.405776,32.612248
1695,-81.404673,32.611201
1696,-81.402564,32.609695
1697,-81.400427,32.608263
1698,-81.398076,32.606433
1699,-81.398038,32.606403
1700,-81.397025,32.605581
1701,-81.395572,32.6041
1702,-81.393765,32.602331
1703,-81.392527,32.600444
1704,-81.391901,32.599478
1705,-81.391172,32.598354
1706,-81.39005,32.596601
1707,-81.389205,32.595416
1708,-81.388358,32.594849
1709,-81.384956,32.592125
1710,-81.381248,32.589851
1711,-81.380248,32.589325
1712,-81.378883,32.588912
1713,-81.377753,32.588814
1714,-81.376579,32.589008
1715,-81.375694,32.589474
1716,-81.374808,32.590595
1717,-81.374145,32.591583
1718,-81.373145,32.592094
1719,-81.371314,32.591804
1720,-81.369826,32.591175
1721,-81.369086,32.590431
1722,-81.369292,32.588821
1723,-81.369987,32.587696
1724,-81.370284,32.5867
1725,-81.370094,32.585442
1726,-81.369018,32.584457
1727,-81.367873,32.584156
1728,-81.366409,32.584164
1729,-81.365264,32.584192
1730,-81.365063,32.584136
1731,-81.364204,32.5839
1732,-81.363586,32.582977
1733,-81.363593,32.581791
1734,-81.36377,32.581512
1735,-81.364196,32.580837
1736,-81.365119,32.580063
1737,-81.366817,32.578919
1738,-81.367332,32.577957
1739,-81.366895,32.576994
1740,-81.36642,32.576814
1741,-81.365943,32.576633
1742,-81.3646,32.576599
1743,-81.363494,32.576908
1744,-81.36235,32.577854
1745,-81.361388,32.579121
1746,-81.360882,32.580373
1747,-81.360503,32.58131
1748,-81.359763,32.58205
1749,-81.358749,32.582285
1750,-81.357749,32.582119
1751,-81.356742,32.581444
1752,-81.356467,32.58126
1753,-81.355567,32.580748
1754,-81.354621,32.580315
1755,-81.353751,32.579472
1756,-81.353484,32.57848
1757,-81.35406,32.577502
1758,-81.355102,32.576725
1759,-81.356628,32.575905
1760,-81.357803,32.57519
1761,-81.358417,32.574001
1762,-81.357131,32.572647
1763,-81.355812,32.571528
1764,-81.354797,32.571072
1765,-81.352805,32.570628
1766,-81.351714,32.570431
1767,-81.348487,32.569332
1768,-81.346069,32.568272
1769,-81.344558,32.567684
1770,-81.340163,32.565773
1771,-81.338645,32.565147
1772,-81.336242,32.564239
1773,-81.33422,32.563858
1774,-81.33319,32.563499
1775,-81.332099,32.562935
1776,-81.330779,32.562351
1777,-81.328605,32.561092
1778,-81.32839,32.561029
1779,-81.327026,32.560626
1780,-81.324973,32.560223
1781,-81.322806,32.559662
1782,-81.321807,32.55954
1783,-81.319602,32.559562
1784,-81.318198,32.559753
1785,-81.316955,32.55999
1786,-81.314582,32.560451
1787,-81.306571,32.561211
1788,-81.305236,32.561515
1789,-81.303908,32.561999
1790,-81.302637,32.562352
1791,-81.301055,32.56271
1792,-81.299796,32.563049
1793,-81.299061,32.563069
1794,-81.298789,32.563076
1795,-81.297652,32.562931
1796,-81.296676,32.562503
1797,-81.295608,32.561539
1798,-81.29528,32.560383
1799,-81.29557,32.559219
1800,-81.295655,32.559049
1801,-81.296104,32.558147
1802,-81.29676,32.557307
1803,-81.297687,32.556313
1804,-81.297733,32.556036
1805,-81.297942,32.55476
1806,-81.298007,32.554367
1807,-81.297282,32.553601
1808,-81.297014,32.553539
1809,-81.296165,32.553345
1810,-81.294829,32.553581
1811,-81.293671,32.554134
1812,-81.292937,32.554485
1813,-81.291762,32.555328
1814,-81.29119,32.556644
1815,-81.291206,32.557837
1816,-81.291483,32.558837
1817,-81.292014,32.559704
1818,-81.293441,32.561454
1819,-81.292876,32.562561
1820,-81.291694,32.562759
1821,-81.290626,32.562534
1822,-81.289573,32.56174
1823,-81.28881,32.560032
1824,-81.288467,32.558456
1825,-81.288296,32.556737
1826,-81.28852,32.555298
1827,-81.289016,32.554219
1828,-81.289728,32.552277
1829,-81.289846,32.551955
1830,-81.289759,32.551873
1831,-81.28934,32.551474
1832,-81.289072,32.551219
1833,-81.288876,32.551208
1834,-81.287748,32.551147
1835,-81.28742,32.55113
1836,-81.287377,32.551151
1837,-81.285583,32.552033
1838,-81.284844,32.552827
1839,-81.284634,32.553053
1840,-81.28447,32.553935
1841,-81.284331,32.554678
1842,-81.284076,32.556048
1843,-81.284033,32.556277
1844,-81.283691,32.556487
1845,-81.283504,32.55657
1846,-81.283107,32.556747
1847,-81.283029,32.556781
1848,-81.281237,32.556348
1849,-81.28058,32.55608
1850,-81.28039,32.555862
1851,-81.279456,32.55479
1852,-81.2789,32.5537
1853,-81.278719,32.553042
1854,-81.278957,32.55177
1855,-81.278974,32.551677
1856,-81.279084,32.551547
1857,-81.279186,32.551427
1858,-81.280723,32.549619
1859,-81.280908,32.548627
1860,-81.280751,32.547844
1861,-81.27927,32.546434
1862,-81.279205,32.546371
1863,-81.278066,32.545968
1864,-81.275924,32.545688
1865,-81.275697,32.545658
1866,-81.275464,32.54535
1867,-81.275057,32.544812
1868,-81.274845,32.54453
1869,-81.274748,32.542612
1870,-81.2748,32.542329
1871,-81.275257,32.539883
1872,-81.2759,32.538994
1873,-81.276686,32.53791
1874,-81.276806,32.535639
1875,-81.276236,32.534984
1876,-81.276182,32.534922
1877,-81.274202,32.533897
1878,-81.267497,32.530426
1879,-81.267398,32.530367
1880,-81.267393,32.530364
1881,-81.261645,32.526937
1882,-81.26164,32.526934
1883,-81.249036,32.519418
1884,-81.247282,32.518373
1885,-81.247132,32.518283
1886,-81.245434,32.518442
1887,-81.242303,32.518078
1888,-81.236993,32.517461
1889,-81.236973,32.517459
1890,-81.234753,32.517168
1891,-81.23349,32.516621
1892,-81.232807,32.515715
1893,-81.232639,32.515492
1894,-81.232154,32.514031
1895,-81.232206,32.51354
1896,-81.23231,32.512561
1897,-81.232354,32.512151
1898,-81.232481,32.512084
1899,-81.233145,32.511732
1900,-81.2337,32.511438
1901,-81.23577,32.511593
1902,-81.235944,32.511606
1903,-81.235969,32.511597
1904,-81.236754,32.511331
1905,-81.238341,32.510141
1906,-81.238744,32.508796
1907,-81.238703,32.507393
1908,-81.237991,32.505521
1909,-81.237739,32.505231
1910,-81.237242,32.50466
1911,-81.235161,32.503624
1912,-81.234245,32.502706
1913,-81.234139,32.502601
1914,-81.233857,32.501674
1915,-81.233833,32.500191
1916,-81.233816,32.499152
1917,-81.233815,32.499063
1918,-81.233596,32.498834
1919,-81.232356,32.497538
1920,-81.22955,32.495517
1921,-81.225877,32.492446
1922,-81.225318,32.491979
1923,-81.225223,32.491899
1924,-81.225076,32.491753
1925,-81.223305,32.489995
1926,-81.220751,32.487058
1927,-81.217316,32.483108
1928,-81.213715,32.480474
1929,-81.212411,32.479316
1930,-81.207993,32.475394
1931,-81.206826,32.474357
1932,-81.20626,32.473707
1933,-81.205329,32.472635
1934,-81.204365,32.471828
1935,-81.199563,32.46781
1936,-81.195479,32.465489
1937,-81.194905,32.465163
1938,-81.194689,32.465125
1939,-81.192118,32.464669
1940,-81.189606,32.465021
1941,-81.189089,32.465094
1942,-81.188849,32.465128
1943,-81.187689,32.464848
1944,-81.187695,32.464757
1945,-81.187899,32.461823
1946,-81.187912,32.461636
1947,-81.18988,32.460434
1948,-81.190292,32.460359
1949,-81.192705,32.459916
1950,-81.192987,32.459744
1951,-81.193561,32.459394
1952,-81.193654,32.459284
1953,-81.193755,32.459165
1954,-81.193756,32.459156
1955,-81.193886,32.457657
1956,-81.191642,32.455074
1957,-81.19191,32.454614
1958,-81.192489,32.453619
1959,-81.192535,32.453539
1960,-81.192685,32.4535
1961,-81.193239,32.453352
1962,-81.193493,32.453284
1963,-81.193844,32.453464
1964,-81.194948,32.454027
1965,-81.195692,32.454406
1966,-81.195844,32.454484
1967,-81.195907,32.454492
1968,-81.196584,32.454581
1969,-81.197549,32.454081
1970,-81.197759,32.453973
1971,-81.197851,32.453677
1972,-81.197994,32.453217
1973,-81.198139,32.452752
1974,-81.197697,32.449118
1975,-81.197691,32.449071
1976,-81.197704,32.449079
1977,-81.202403,32.451785
1978,-81.202411,32.45179
1979,-81.202645,32.45206
1980,-81.202909,32.452364
1981,-81.202987,32.452319
1982,-81.205439,32.450917
1983,-81.20571,32.450762
1984,-81.206193,32.44923
1985,-81.206268,32.448993
1986,-81.206445,32.447237
1987,-81.205426,32.446359
1988,-81.205401,32.446337
1989,-81.205262,32.446327
1990,-81.203808,32.446224
1991,-81.203308,32.446189
1992,-81.203106,32.446267
1993,-81.202817,32.446378
1994,-81.201819,32.446247
1995,-81.201339,32.446183
1996,-81.200396,32.445551
1997,-81.199743,32.444799
1998,-81.199648,32.44469
1999,-81.199496,32.444036
2000,-81.199338,32.443359
2001,-81.199312,32.443248
2002,-81.199339,32.443106
2003,-81.199591,32.441759
2004,-81.200192,32.441052
2005,-81.200368,32.440845
2006,-81.201566,32.440113
2007,-81.204918,32.438394
2008,-81.205417,32.438244
2009,-81.206327,32.437971
2010,-81.206684,32.437863
2011,-81.207641,32.437608
2012,-81.207983,32.437399
2013,-81.208238,32.436035
2014,-81.208208,32.43595
2015,-81.207481,32.43386
2016,-81.207467,32.433822
2017,-81.207449,32.43377
2018,-81.207435,32.433732
2019,-81.206372,32.430929
2020,-81.205928,32.429757
2021,-81.205396,32.428099
2022,-81.205162,32.427368
2023,-81.205201,32.427323
2024,-81.205357,32.42714
2025,-81.205103,32.426847
2026,-81.204983,32.426709
2027,-81.204951,32.42607
2028,-81.205279,32.42363
2029,-81.205337,32.423197
2030,-81.205203,32.423064
2031,-81.204862,32.422724
2032,-81.202655,32.420522
2033,-81.202401,32.420268
2034,-81.202315,32.42017
2035,-81.198163,32.415389
2036,-81.196925,32.413851
2037,-81.195371,32.411919
2038,-81.194845,32.411266
2039,-81.19166,32.408487
2040,-81.191069,32.407972
2041,-81.188702,32.405245
2042,-81.186645,32.401669
2043,-81.186146,32.401094
2044,-81.184901,32.399659
2045,-81.181002,32.396221
2046,-81.180349,32.395469
2047,-81.179366,32.394336
2048,-81.178386,32.393207
2049,-81.177934,32.392384
2050,-81.177396,32.390407
2051,-81.177217,32.389747
2052,-81.177345,32.389162
2053,-81.178181,32.385322
2054,-81.178294,32.384805
2055,-81.178663,32.384189
2056,-81.179771,32.382339
2057,-81.180057,32.38186
2058,-81.180542,32.381373
2059,-81.181456,32.380456
2060,-81.181717,32.379742
2061,-81.181766,32.379607
2062,-81.180666,32.378639
2063,-81.180661,32.378635
2064,-81.180656,32.378633
2065,-81.17977,32.378318
2066,-81.179529,32.378232
2067,-81.17911,32.378083
2068,-81.17839,32.377827
2069,-81.177176,32.377031
2070,-81.177026,32.376845
2071,-81.173736,32.372763
2072,-81.171356,32.370923
2073,-81.169019,32.369907
2074,-81.168836,32.369828
2075,-81.168833,32.369823
2076,-81.168034,32.368451
2077,-81.16818,32.367149
2078,-81.168258,32.366446
2079,-81.168465,32.366218
2080,-81.169595,32.36497
2081,-81.170616,32.364442
2082,-81.170768,32.364363
2083,-81.171678,32.364146
2084,-81.172828,32.363872
2085,-81.172967,32.363788
2086,-81.17322,32.363633
2087,-81.173512,32.363454
2088,-81.173532,32.363347
2089,-81.173605,32.362958
2090,-81.173107,32.362481
2091,-81.172835,32.36222
2092,-81.171824,32.36196
2093,-81.171072,32.361861
2094,-81.168851,32.361567
2095,-81.168574,32.36153
2096,-81.167949,32.361664
2097,-81.16747,32.361766
2098,-81.16743,32.36172
2099,-81.16737,32.361651
2100,-81.166972,32.361192
2101,-81.167169,32.360603
2102,-81.167612,32.359274
2103,-81.167631,32.359217
2104,-81.167663,32.359122
2105,-81.166247,32.357791
2106,-81.164715,32.35708
2107,-81.164285,32.357095
2108,-81.163953,32.357106
2109,-81.16345,32.356887
2110,-81.162274,32.356376
2111,-81.16113,32.355208
2112,-81.160951,32.354548
2113,-81.161579,32.351199
2114,-81.161423,32.350416
2115,-81.160926,32.349841
2116,-81.159814,32.349313
2117,-81.155351,32.348087
2118,-81.154882,32.34641
2119,-81.154853,32.346305
2120,-81.154913,32.345933
2121,-81.155202,32.344132
2122,-81.155302,32.343504
2123,-81.155499,32.343384
2124,-81.156458,32.342798
2125,-81.15667,32.342668
2126,-81.156688,32.342666
2127,-81.157136,32.342603
2128,-81.159181,32.343
2129,-81.160183,32.342497
2130,-81.16054,32.3414
2131,-81.159964,32.340434
2132,-81.159443,32.339984
2133,-81.158737,32.33989
2134,-81.158494,32.339858
2135,-81.158262,32.339828
2136,-81.157577,32.34001
2137,-81.157162,32.340121
2138,-81.152845,32.341272
2139,-81.152239,32.341643
2140,-81.152161,32.34169
2141,-81.151804,32.342787
2142,-81.151758,32.343035
2143,-81.150929,32.343724
2144,-81.14929,32.345084
2145,-81.149248,32.345119
2146,-81.14922,32.34512
2147,-81.14739,32.345204
2148,-81.147111,32.345217
2149,-81.146847,32.345136
2150,-81.146395,32.344995
2151,-81.146414,32.345081
2152,-81.146847,32.347026
2153,-81.146876,32.347284
2154,-81.147141,32.349637
2155,-81.147159,32.3498
2156,-81.146684,32.350044
2157,-81.144059,32.35139
2158,-81.143809,32.351518
2159,-81.142231,32.351055
2160,-81.141909,32.350683
2161,-81.141468,32.350174
2162,-81.141111,32.349762
2163,-81.140861,32.349032
2164,-81.139742,32.345767
2165,-81.139707,32.345732
2166,-81.138729,32.344731
2167,-81.138599,32.344599
2168,-81.134326,32.34162
2169,-81.133647,32.341146
2170,-81.132577,32.341004
2171,-81.132318,32.34097
2172,-81.131046,32.341747
2173,-81.13095,32.341806
2174,-81.130917,32.341798
2175,-81.129792,32.341525
2176,-81.129295,32.340951
2177,-81.128579,32.338313
2178,-81.128859,32.336825
2179,-81.1291,32.336348
2180,-81.129353,32.336194
2181,-81.129784,32.33593
2182,-81.131354,32.33563
2183,-81.132574,32.334774
2184,-81.133568,32.333508
2185,-81.134531,32.331601
2186,-81.135112,32.330992
2187,-81.135285,32.330811
2188,-81.137383,32.329309
2189,-81.137454,32.329072
2190,-81.13766,32.328385
2191,-81.137787,32.327964
2192,-81.136481,32.325248
2193,-81.135859,32.32453
2194,-81.135399,32.324412
2195,-81.134848,32.324269
2196,-81.133745,32.324505
2197,-81.132544,32.325441
2198,-81.131795,32.326026
2199,-81.131204,32.325948
2200,-81.13073,32.325249
2201,-81.130784,32.323349
2202,-81.131211,32.32188
2203,-81.131654,32.319523
2204,-81.131537,32.317728
2205,-81.130855,32.316445
2206,-81.130732,32.316213
2207,-81.130084,32.314993
2208,-81.129827,32.313942
2209,-81.13021,32.311901
2210,-81.130246,32.311709
2211,-81.130331,32.311645
2212,-81.132709,32.309874
2213,-81.133043,32.308901
2214,-81.132841,32.308366
2215,-81.132495,32.307966
2216,-81.132466,32.307933
2217,-81.132219,32.307647
2218,-81.131255,32.307138
2219,-81.130948,32.307083
2220,-81.129702,32.306857
2221,-81.128622,32.306662
2222,-81.127638,32.307133
2223,-81.127009,32.307435
2224,-81.126959,32.307459
2225,-81.124885,32.308836
2226,-81.123922,32.308327
2227,-81.123051,32.307322
2228,-81.122165,32.304789
2229,-81.12229,32.302517
2230,-81.123255,32.297901
2231,-81.123765,32.295465
2232,-81.123657,32.294722
2233,-81.123633,32.294558
2234,-81.123307,32.293879
2235,-81.123231,32.293796
2236,-81.122233,32.292696
2237,-81.120549,32.290843
2238,-81.119632,32.28767
2239,-81.119865,32.286429
2240,-81.120883,32.285038
2241,-81.122568,32.284118
2242,-81.125706,32.283517
2243,-81.127096,32.282557
2244,-81.127352,32.281192
2245,-81.126971,32.279998
2246,-81.126249,32.279012
2247,-81.124346,32.277869
2248,-81.123352,32.27672
2249,-81.123437,32.27546
2250,-81.124292,32.274938
2251,-81.124709,32.274993
2252,-81.125325,32.275075
2253,-81.127355,32.276225
2254,-81.127375,32.276237
2255,-81.127408,32.276241
2256,-81.128385,32.276371
2257,-81.128555,32.276393
2258,-81.129192,32.276223
2259,-81.129876,32.275805
2260,-81.132057,32.273043
2261,-81.135628,32.272428
2262,-81.135808,32.272396
2263,-81.136832,32.272532
2264,-81.137136,32.272572
2265,-81.141182,32.271964
2266,-81.141202,32.271952
2267,-81.141844,32.271559
2268,-81.142207,32.271337
2269,-81.1423,32.270841
2270,-81.141678,32.270123
2271,-81.138945,32.269379
2272,-81.137655,32.268191
2273,-81.137274,32.266996
2274,-81.137623,32.265135
2275,-81.138376,32.264345
2276,-81.1398,32.263662
2277,-81.140038,32.263548
2278,-81.140708,32.263619
2279,-81.140798,32.263628
2280,-81.143824,32.263946
2281,-81.144635,32.264031
2282,-81.145248,32.263985
2283,-81.146102,32.263462
2284,-81.146152,32.263391
2285,-81.146207,32.263315
2286,-81.146513,32.262881
2287,-81.146792,32.261392
2288,-81.148591,32.255019
2289,-81.14801,32.254347
2290,-81.146109,32.25215
2291,-81.145733,32.251716
2292,-81.145783,32.251452
2293,-81.145872,32.250975
2294,-81.145942,32.250599
2295,-81.14608,32.250505
2296,-81.147483,32.249548
2297,-81.147502,32.249534
2298,-81.147519,32.249529
2299,-81.153278,32.247757
2300,-81.155156,32.246607
2301,-81.156514,32.245007
2302,-81.156862,32.243146
2303,-81.156426,32.241435
2304,-81.15495,32.238824
2305,-81.153358,32.236833
2306,-81.151999,32.235939
2307,-81.151154,32.235384
2308,-81.151148,32.23538
2309,-81.14993,32.234579
2310,-81.149724,32.234444
2311,-81.149467,32.234319
2312,-81.147923,32.233569
2313,-81.146914,32.233308
2314,-81.145827,32.232656
2315,-81.145467,32.232164
2316,-81.145292,32.231925
2317,-81.145288,32.23192
2318,-81.144383,32.230684
2319,-81.143994,32.228725
2320,-81.144273,32.227236
2321,-81.144377,32.226339
2322,-81.145553,32.225245
2323,-81.145689,32.225167
2324,-81.14809,32.223801
2325,-81.148486,32.223682
2326,-81.151613,32.222742
2327,-81.151691,32.222681
2328,-81.15196,32.221962
2329,-81.150792,32.221286
2330,-81.149133,32.221356
2331,-81.148089,32.22157
2332,-81.147067,32.221792
2333,-81.145252,32.221998
2334,-81.144073,32.221935
2335,-81.14233,32.221314
2336,-81.140995,32.220461
2337,-81.139388,32.220027
2338,-81.138435,32.219256
2339,-81.137491,32.217865
2340,-81.136944,32.217003
2341,-81.136606,32.21565
2342,-81.136729,32.213673
2343,-81.134902,32.212082
2344,-81.133702,32.211326
2345,-81.132585,32.210759
2346,-81.130874,32.210147
2347,-81.129434,32.209595
2348,-81.128286,32.208637
2349,-81.12742,32.207554
2350,-81.126606,32.206187
2351,-81.125573,32.204456
2352,-81.124769,32.203035
2353,-81.124044,32.202271
2354,-81.123152,32.201331
2355,-81.122879,32.199922
2356,-81.122547,32.198214
2357,-81.121837,32.195701
2358,-81.119834,32.194921
2359,-81.117935,32.195701
2360,-81.116035,32.1965
2361,-81.114032,32.195701
2362,-81.113928,32.194007
2363,-81.114837,32.193464
2364,-81.11623,32.192999
2365,-81.117267,32.193066
2366,-81.118313,32.193133
2367,-81.119333,32.193199
2368,-81.121234,32.192601
2369,-81.121738,32.190801
2370,-81.120556,32.190013
2371,-81.119361,32.189596
2372,-81.118237,32.189203
2373,-81.118059,32.186895
2374,-81.117935,32.185298
2375,-81.118781,32.183476
2376,-81.119256,32.18245
2377,-81.119834,32.181205
2378,-81.120093,32.180132
2379,-81.120361,32.178648
2380,-81.118592,32.177387
2381,-81.117525,32.176626
2382,-81.11653,32.176391
2383,-81.115242,32.176997
2384,-81.11393,32.177604
2385,-81.111933,32.178002
2386,-81.110932,32.177295
2387,-81.110234,32.17561
2388,-81.110234,32.174503
2389,-81.110731,32.17351
2390,-81.112069,32.172178
2391,-81.113632,32.171303
2392,-81.115533,32.170901
2393,-81.116946,32.170914
2394,-81.117893,32.171543
2395,-81.118281,32.172797
2396,-81.118844,32.174106
2397,-81.119298,32.175082
2398,-81.120622,32.175044
2399,-81.122517,32.173762
2400,-81.123319,32.173108
2401,-81.124641,32.171892
2402,-81.126146,32.170616
2403,-81.127055,32.169921
2404,-81.128137,32.1691
2405,-81.129342,32.167429
2406,-81.129604,32.165884
2407,-81.129576,32.165849
2408,-81.129571,32.165842
2409,-81.128433,32.164408
2410,-81.127345,32.164095
2411,-81.125164,32.163468
2412,-81.123135,32.162898
2413,-81.12203,32.161796
2414,-81.122135,32.159399
2415,-81.122137,32.157304
2416,-81.121517,32.155077
2417,-81.120694,32.154094
2418,-81.120034,32.153303
2419,-81.118964,32.1528
2420,-81.117741,32.152225
2421,-81.116722,32.152164
2422,-81.115199,32.152073
2423,-81.114033,32.152003
2424,-81.112236,32.150804
2425,-81.112234,32.149306
2426,-81.113838,32.148303
2427,-81.115106,32.14772
2428,-81.116236,32.147201
2429,-81.117271,32.146261
2430,-81.118331,32.144408
2431,-81.11913,32.142137
2432,-81.119039,32.139179
2433,-81.11924,32.137296
2434,-81.119655,32.1361
2435,-81.119933,32.135016
2436,-81.119941,32.133987
2437,-81.119458,32.132962
2438,-81.118467,32.131512
2439,-81.117687,32.130581
2440,-81.116891,32.129607
2441,-81.116167,32.128731
2442,-81.115688,32.127133
2443,-81.115341,32.125883
2444,-81.1161,32.123036
2445,-81.117225,32.119805
2446,-81.117225,32.117604
